#sample,species,file_F,file_R,source
LB_15,Library blank,${OUTDIR}/1_cleaned_seqs/LB_15_F.fastq.gz,${OUTDIR}/1_cleaned_seqs/LB_15_R.fastq.gz
EB_21,Extraction blank,${OUTDIR}/1_cleaned_seqs/EB_21_F.fastq.gz,${OUTDIR}/1_cleaned_seqs/EB_21_R.fastq.gz
LB_25,Library blank,${OUTDIR}/1_cleaned_seqs/LB_25_F.fastq.gz,${OUTDIR}/1_cleaned_seqs/LB_25_R.fastq.gz
LB_28,Library blank,${OUTDIR}/1_cleaned_seqs/LB_28_F.fastq.gz,${OUTDIR}/1_cleaned_seqs/LB_28_R.fastq.gz
EB_19_2,Extraction blank,${OUTDIR}/1_cleaned_seqs/EB_19_2_F.fastq.gz,${OUTDIR}/1_cleaned_seqs/EB_19_2_R.fastq.gz
EB_15_2,Extraction blank,${OUTDIR}/1_cleaned_seqs/EB_15_2_F.fastq.gz,${OUTDIR}/1_cleaned_seqs/EB_15_2_R.fastq.gz
LB_12,Library blank,${OUTDIR}/1_cleaned_seqs/LB_12_F.fastq.gz,${OUTDIR}/1_cleaned_seqs/LB_12_R.fastq.gz
LB_17,Library blank,${OUTDIR}/1_cleaned_seqs/LB_17_F.fastq.gz,${OUTDIR}/1_cleaned_seqs/LB_17_R.fastq.gz
LB_20,Library blank,${OUTDIR}/1_cleaned_seqs/LB_20_F.fastq.gz,${OUTDIR}/1_cleaned_seqs/LB_20_R.fastq.gz
LB_18,Library blank,${OUTDIR}/1_cleaned_seqs/LB_18_F.fastq.gz,${OUTDIR}/1_cleaned_seqs/LB_18_R.fastq.gz
DM_019,Sus scrofa domesticus,${OUTDIR}/1_cleaned_seqs/DM_019_F.fastq.gz,${OUTDIR}/1_cleaned_seqs/DM_019_R.fastq.gz
RM_096,Piliocolobus foai,${OUTDIR}/1_cleaned_seqs/RM_096_F.fastq.gz,${OUTDIR}/1_cleaned_seqs/RM_096_R.fastq.gz
DM_005,Sus scrofa domesticus,${OUTDIR}/1_cleaned_seqs/DM_005_F.fastq.gz,${OUTDIR}/1_cleaned_seqs/DM_005_R.fastq.gz
MV_082,Meles meles,${OUTDIR}/1_cleaned_seqs/MV_082_F.fastq.gz,${OUTDIR}/1_cleaned_seqs/MV_082_R.fastq.gz
MV_066,Meles meles,${OUTDIR}/1_cleaned_seqs/MV_066_F.fastq.gz,${OUTDIR}/1_cleaned_seqs/MV_066_R.fastq.gz
MV_013,Capreolus capreolus,${OUTDIR}/1_cleaned_seqs/MV_013_F.fastq.gz,${OUTDIR}/1_cleaned_seqs/MV_013_R.fastq.gz
MS_136,Orcinus orca,${OUTDIR}/1_cleaned_seqs/MS_136_F.fastq.gz,${OUTDIR}/1_cleaned_seqs/MS_136_R.fastq.gz
DM_027,Equus caballus,${OUTDIR}/1_cleaned_seqs/DM_027_F.fastq.gz,${OUTDIR}/1_cleaned_seqs/DM_027_R.fastq.gz
RM_108,Gorilla beringei,${OUTDIR}/1_cleaned_seqs/RM_108_F.fastq.gz,${OUTDIR}/1_cleaned_seqs/RM_108_R.fastq.gz
RM_112,Equus burchellii,${OUTDIR}/1_cleaned_seqs/RM_112_F.fastq.gz,${OUTDIR}/1_cleaned_seqs/RM_112_R.fastq.gz
DM_014,Sus scrofa domesticus,${OUTDIR}/1_cleaned_seqs/DM_014_F.fastq.gz,${OUTDIR}/1_cleaned_seqs/DM_014_R.fastq.gz
MV_210,Sus scrofa,${OUTDIR}/1_cleaned_seqs/MV_210_F.fastq.gz,${OUTDIR}/1_cleaned_seqs/MV_210_R.fastq.gz
DM_022,Sus scrofa domesticus,${OUTDIR}/1_cleaned_seqs/DM_022_F.fastq.gz,${OUTDIR}/1_cleaned_seqs/DM_022_R.fastq.gz
MV_065,Meles meles,${OUTDIR}/1_cleaned_seqs/MV_065_F.fastq.gz,${OUTDIR}/1_cleaned_seqs/MV_065_R.fastq.gz
RM_046,Cephalophus silvicultor,${OUTDIR}/1_cleaned_seqs/RM_046_F.fastq.gz,${OUTDIR}/1_cleaned_seqs/RM_046_R.fastq.gz
MV_110,Capreolus capreolus,${OUTDIR}/1_cleaned_seqs/MV_110_F.fastq.gz,${OUTDIR}/1_cleaned_seqs/MV_110_R.fastq.gz
MV_114,Rupicapra rupicapra,${OUTDIR}/1_cleaned_seqs/MV_114_F.fastq.gz,${OUTDIR}/1_cleaned_seqs/MV_114_R.fastq.gz
MV_212,Sus scrofa,${OUTDIR}/1_cleaned_seqs/MV_212_F.fastq.gz,${OUTDIR}/1_cleaned_seqs/MV_212_R.fastq.gz
RM_048,Cephalophus silvicultor,${OUTDIR}/1_cleaned_seqs/RM_048_F.fastq.gz,${OUTDIR}/1_cleaned_seqs/RM_048_R.fastq.gz
MV_048,Capreolus capreolus,${OUTDIR}/1_cleaned_seqs/MV_048_F.fastq.gz,${OUTDIR}/1_cleaned_seqs/MV_048_R.fastq.gz
MV_076,Meles meles,${OUTDIR}/1_cleaned_seqs/MV_076_F.fastq.gz,${OUTDIR}/1_cleaned_seqs/MV_076_R.fastq.gz
RM_131,Equus burchellii,${OUTDIR}/1_cleaned_seqs/RM_131_F.fastq.gz,${OUTDIR}/1_cleaned_seqs/RM_131_R.fastq.gz
MS_063,Dugong dugon,${OUTDIR}/1_cleaned_seqs/MS_063_F.fastq.gz,${OUTDIR}/1_cleaned_seqs/MS_063_R.fastq.gz
MV_140,Rupicapra rupicapra,${OUTDIR}/1_cleaned_seqs/MV_140_F.fastq.gz,${OUTDIR}/1_cleaned_seqs/MV_140_R.fastq.gz
MV_091,Meles meles,${OUTDIR}/1_cleaned_seqs/MV_091_F.fastq.gz,${OUTDIR}/1_cleaned_seqs/MV_091_R.fastq.gz
MS_011,Meles meles,${OUTDIR}/1_cleaned_seqs/MS_011_F.fastq.gz,${OUTDIR}/1_cleaned_seqs/MS_011_R.fastq.gz
MS_029,Ovis aries,${OUTDIR}/1_cleaned_seqs/MS_029_F.fastq.gz,${OUTDIR}/1_cleaned_seqs/MS_029_R.fastq.gz
MV_112,Capreolus capreolus,${OUTDIR}/1_cleaned_seqs/MV_112_F.fastq.gz,${OUTDIR}/1_cleaned_seqs/MV_112_R.fastq.gz
RM_072,Piliocolobus foai,${OUTDIR}/1_cleaned_seqs/RM_072_F.fastq.gz,${OUTDIR}/1_cleaned_seqs/RM_072_R.fastq.gz
MV_104,Capreolus capreolus,${OUTDIR}/1_cleaned_seqs/MV_104_F.fastq.gz,${OUTDIR}/1_cleaned_seqs/MV_104_R.fastq.gz
MV_213,Sus scrofa,${OUTDIR}/1_cleaned_seqs/MV_213_F.fastq.gz,${OUTDIR}/1_cleaned_seqs/MV_213_R.fastq.gz
DM_002,Sus scrofa domesticus,${OUTDIR}/1_cleaned_seqs/DM_002_F.fastq.gz,${OUTDIR}/1_cleaned_seqs/DM_002_R.fastq.gz
MS_053,Ovis aries,${OUTDIR}/1_cleaned_seqs/MS_053_F.fastq.gz,${OUTDIR}/1_cleaned_seqs/MS_053_R.fastq.gz
MS_133,Orcinus orca,${OUTDIR}/1_cleaned_seqs/MS_133_F.fastq.gz,${OUTDIR}/1_cleaned_seqs/MS_133_R.fastq.gz
MV_209,Sus scrofa,${OUTDIR}/1_cleaned_seqs/MV_209_F.fastq.gz,${OUTDIR}/1_cleaned_seqs/MV_209_R.fastq.gz
RM_185,Papio anubis,${OUTDIR}/1_cleaned_seqs/RM_185_F.fastq.gz,${OUTDIR}/1_cleaned_seqs/RM_185_R.fastq.gz
RM_105,Gorilla beringei,${OUTDIR}/1_cleaned_seqs/RM_105_F.fastq.gz,${OUTDIR}/1_cleaned_seqs/RM_105_R.fastq.gz
RM_123,Equus burchellii,${OUTDIR}/1_cleaned_seqs/RM_123_F.fastq.gz,${OUTDIR}/1_cleaned_seqs/RM_123_R.fastq.gz
MV_211,Sus scrofa,${OUTDIR}/1_cleaned_seqs/MV_211_F.fastq.gz,${OUTDIR}/1_cleaned_seqs/MV_211_R.fastq.gz
RM_122,Equus burchellii,${OUTDIR}/1_cleaned_seqs/RM_122_F.fastq.gz,${OUTDIR}/1_cleaned_seqs/RM_122_R.fastq.gz
DM_009,Ovis aries,${OUTDIR}/1_cleaned_seqs/DM_009_F.fastq.gz,${OUTDIR}/1_cleaned_seqs/DM_009_R.fastq.gz
MV_092,Meles meles,${OUTDIR}/1_cleaned_seqs/MV_092_F.fastq.gz,${OUTDIR}/1_cleaned_seqs/MV_092_R.fastq.gz
RM_136,Equus burchellii,${OUTDIR}/1_cleaned_seqs/RM_136_F.fastq.gz,${OUTDIR}/1_cleaned_seqs/RM_136_R.fastq.gz
RM_035,Cephalophus silvicultor,${OUTDIR}/1_cleaned_seqs/RM_035_F.fastq.gz,${OUTDIR}/1_cleaned_seqs/RM_035_R.fastq.gz
RM_207,Papio anubis,${OUTDIR}/1_cleaned_seqs/RM_207_F.fastq.gz,${OUTDIR}/1_cleaned_seqs/RM_207_R.fastq.gz
RM_104,Gorilla beringei,${OUTDIR}/1_cleaned_seqs/RM_104_F.fastq.gz,${OUTDIR}/1_cleaned_seqs/RM_104_R.fastq.gz
RM_032,Cephalophus silvicultor,${OUTDIR}/1_cleaned_seqs/RM_032_F.fastq.gz,${OUTDIR}/1_cleaned_seqs/RM_032_R.fastq.gz
MV_285,Ovis ammon,${OUTDIR}/1_cleaned_seqs/MV_285_F.fastq.gz,${OUTDIR}/1_cleaned_seqs/MV_285_R.fastq.gz
RM_172,Ceratotherium simum,${OUTDIR}/1_cleaned_seqs/RM_172_F.fastq.gz,${OUTDIR}/1_cleaned_seqs/RM_172_R.fastq.gz
HM_031,Hippopotamus amphibius,${OUTDIR}/1_cleaned_seqs/HM_031_F.fastq.gz,${OUTDIR}/1_cleaned_seqs/HM_031_R.fastq.gz
MS_137,Orcinus orca,${OUTDIR}/1_cleaned_seqs/MS_137_F.fastq.gz,${OUTDIR}/1_cleaned_seqs/MS_137_R.fastq.gz
MV_292,Ovis ammon,${OUTDIR}/1_cleaned_seqs/MV_292_F.fastq.gz,${OUTDIR}/1_cleaned_seqs/MV_292_R.fastq.gz
MV_043,Capreolus capreolus,${OUTDIR}/1_cleaned_seqs/MV_043_F.fastq.gz,${OUTDIR}/1_cleaned_seqs/MV_043_R.fastq.gz
RM_074,Piliocolobus foai,${OUTDIR}/1_cleaned_seqs/RM_074_F.fastq.gz,${OUTDIR}/1_cleaned_seqs/RM_074_R.fastq.gz
RM_050,Cephalophus silvicultor,${OUTDIR}/1_cleaned_seqs/RM_050_F.fastq.gz,${OUTDIR}/1_cleaned_seqs/RM_050_R.fastq.gz
MV_016,Capreolus capreolus,${OUTDIR}/1_cleaned_seqs/MV_016_F.fastq.gz,${OUTDIR}/1_cleaned_seqs/MV_016_R.fastq.gz
MV_067,Meles meles,${OUTDIR}/1_cleaned_seqs/MV_067_F.fastq.gz,${OUTDIR}/1_cleaned_seqs/MV_067_R.fastq.gz
RM_042,Cephalophus silvicultor,${OUTDIR}/1_cleaned_seqs/RM_042_F.fastq.gz,${OUTDIR}/1_cleaned_seqs/RM_042_R.fastq.gz
MV_167,Pongo pygmaeus,${OUTDIR}/1_cleaned_seqs/MV_167_F.fastq.gz,${OUTDIR}/1_cleaned_seqs/MV_167_R.fastq.gz
RM_212,Ceratotherium simum,${OUTDIR}/1_cleaned_seqs/RM_212_F.fastq.gz,${OUTDIR}/1_cleaned_seqs/RM_212_R.fastq.gz
MV_068p,Meles meles,${OUTDIR}/1_cleaned_seqs/MV_068p_F.fastq.gz,${OUTDIR}/1_cleaned_seqs/MV_068p_R.fastq.gz
RM_080,Piliocolobus foai,${OUTDIR}/1_cleaned_seqs/RM_080_F.fastq.gz,${OUTDIR}/1_cleaned_seqs/RM_080_R.fastq.gz
RM_107,Gorilla beringei,${OUTDIR}/1_cleaned_seqs/RM_107_F.fastq.gz,${OUTDIR}/1_cleaned_seqs/RM_107_R.fastq.gz
MV_232,Marmota marmota,${OUTDIR}/1_cleaned_seqs/MV_232_F.fastq.gz,${OUTDIR}/1_cleaned_seqs/MV_232_R.fastq.gz
HM_039,Hippopotamus amphibius,${OUTDIR}/1_cleaned_seqs/HM_039_F.fastq.gz,${OUTDIR}/1_cleaned_seqs/HM_039_R.fastq.gz
RM_176,Ceratotherium simum,${OUTDIR}/1_cleaned_seqs/RM_176_F.fastq.gz,${OUTDIR}/1_cleaned_seqs/RM_176_R.fastq.gz
MV_100,Sus scrofa,${OUTDIR}/1_cleaned_seqs/MV_100_F.fastq.gz,${OUTDIR}/1_cleaned_seqs/MV_100_R.fastq.gz
DM_012,Sus scrofa,${OUTDIR}/1_cleaned_seqs/DM_012_F.fastq.gz,${OUTDIR}/1_cleaned_seqs/DM_012_R.fastq.gz
RM_081,Piliocolobus foai,${OUTDIR}/1_cleaned_seqs/RM_081_F.fastq.gz,${OUTDIR}/1_cleaned_seqs/RM_081_R.fastq.gz
RM_125,Equus burchellii,${OUTDIR}/1_cleaned_seqs/RM_125_F.fastq.gz,${OUTDIR}/1_cleaned_seqs/RM_125_R.fastq.gz
MV_175,Pongo pygmaeus,${OUTDIR}/1_cleaned_seqs/MV_175_F.fastq.gz,${OUTDIR}/1_cleaned_seqs/MV_175_R.fastq.gz
RM_083,Piliocolobus foai,${OUTDIR}/1_cleaned_seqs/RM_083_F.fastq.gz,${OUTDIR}/1_cleaned_seqs/RM_083_R.fastq.gz
RM_173,Papio anubis,${OUTDIR}/1_cleaned_seqs/RM_173_F.fastq.gz,${OUTDIR}/1_cleaned_seqs/RM_173_R.fastq.gz
MV_229,Hippopotamus amphibius,${OUTDIR}/1_cleaned_seqs/MV_229_F.fastq.gz,${OUTDIR}/1_cleaned_seqs/MV_229_R.fastq.gz
RM_044,Cephalophus silvicultor,${OUTDIR}/1_cleaned_seqs/RM_044_F.fastq.gz,${OUTDIR}/1_cleaned_seqs/RM_044_R.fastq.gz
RM_208,Papio anubis,${OUTDIR}/1_cleaned_seqs/RM_208_F.fastq.gz,${OUTDIR}/1_cleaned_seqs/RM_208_R.fastq.gz
RM_171,Ceratotherium simum,${OUTDIR}/1_cleaned_seqs/RM_171_F.fastq.gz,${OUTDIR}/1_cleaned_seqs/RM_171_R.fastq.gz
MS_135,Orcinus orca,${OUTDIR}/1_cleaned_seqs/MS_135_F.fastq.gz,${OUTDIR}/1_cleaned_seqs/MS_135_R.fastq.gz
MV_056,Meles meles,${OUTDIR}/1_cleaned_seqs/MV_056_F.fastq.gz,${OUTDIR}/1_cleaned_seqs/MV_056_R.fastq.gz
RM_064,Piliocolobus foai,${OUTDIR}/1_cleaned_seqs/RM_064_F.fastq.gz,${OUTDIR}/1_cleaned_seqs/RM_064_R.fastq.gz
MV_095,Meles meles,${OUTDIR}/1_cleaned_seqs/MV_095_F.fastq.gz,${OUTDIR}/1_cleaned_seqs/MV_095_R.fastq.gz
RM_086,Piliocolobus foai,${OUTDIR}/1_cleaned_seqs/RM_086_F.fastq.gz,${OUTDIR}/1_cleaned_seqs/RM_086_R.fastq.gz
RM_033,Cephalophus silvicultor,${OUTDIR}/1_cleaned_seqs/RM_033_F.fastq.gz,${OUTDIR}/1_cleaned_seqs/RM_033_R.fastq.gz
DM_016,Sus scrofa domesticus,${OUTDIR}/1_cleaned_seqs/DM_016_F.fastq.gz,${OUTDIR}/1_cleaned_seqs/DM_016_R.fastq.gz
RM_106,Gorilla beringei,${OUTDIR}/1_cleaned_seqs/RM_106_F.fastq.gz,${OUTDIR}/1_cleaned_seqs/RM_106_R.fastq.gz
MS_122,Equus caballus,${OUTDIR}/1_cleaned_seqs/MS_122_F.fastq.gz,${OUTDIR}/1_cleaned_seqs/MS_122_R.fastq.gz
MS_018,Meles meles,${OUTDIR}/1_cleaned_seqs/MS_018_F.fastq.gz,${OUTDIR}/1_cleaned_seqs/MS_018_R.fastq.gz
DM_004,Sus scrofa,${OUTDIR}/1_cleaned_seqs/DM_004_F.fastq.gz,${OUTDIR}/1_cleaned_seqs/DM_004_R.fastq.gz
MV_286,Ovis ammon,${OUTDIR}/1_cleaned_seqs/MV_286_F.fastq.gz,${OUTDIR}/1_cleaned_seqs/MV_286_R.fastq.gz
MV_130,Rupicapra rupicapra,${OUTDIR}/1_cleaned_seqs/MV_130_F.fastq.gz,${OUTDIR}/1_cleaned_seqs/MV_130_R.fastq.gz
MV_070,Meles meles,${OUTDIR}/1_cleaned_seqs/MV_070_F.fastq.gz,${OUTDIR}/1_cleaned_seqs/MV_070_R.fastq.gz
RM_179,Papio anubis,${OUTDIR}/1_cleaned_seqs/RM_179_F.fastq.gz,${OUTDIR}/1_cleaned_seqs/RM_179_R.fastq.gz
MV_079p,Meles meles,${OUTDIR}/1_cleaned_seqs/MV_079p_F.fastq.gz,${OUTDIR}/1_cleaned_seqs/MV_079p_R.fastq.gz
RM_113,Equus burchellii,${OUTDIR}/1_cleaned_seqs/RM_113_F.fastq.gz,${OUTDIR}/1_cleaned_seqs/RM_113_R.fastq.gz
RM_040,Cephalophus silvicultor,${OUTDIR}/1_cleaned_seqs/RM_040_F.fastq.gz,${OUTDIR}/1_cleaned_seqs/RM_040_R.fastq.gz
RM_082,Piliocolobus foai,${OUTDIR}/1_cleaned_seqs/RM_082_F.fastq.gz,${OUTDIR}/1_cleaned_seqs/RM_082_R.fastq.gz
MV_214,Sus scrofa,${OUTDIR}/1_cleaned_seqs/MV_214_F.fastq.gz,${OUTDIR}/1_cleaned_seqs/MV_214_R.fastq.gz
DM_028,Equus caballus,${OUTDIR}/1_cleaned_seqs/DM_028_F.fastq.gz,${OUTDIR}/1_cleaned_seqs/DM_028_R.fastq.gz
MV_024,Capreolus capreolus,${OUTDIR}/1_cleaned_seqs/MV_024_F.fastq.gz,${OUTDIR}/1_cleaned_seqs/MV_024_R.fastq.gz
MS_020,Meles meles,${OUTDIR}/1_cleaned_seqs/MS_020_F.fastq.gz,${OUTDIR}/1_cleaned_seqs/MS_020_R.fastq.gz
RM_133,Equus burchellii,${OUTDIR}/1_cleaned_seqs/RM_133_F.fastq.gz,${OUTDIR}/1_cleaned_seqs/RM_133_R.fastq.gz
MV_281,Diceros bicornis,${OUTDIR}/1_cleaned_seqs/MV_281_F.fastq.gz,${OUTDIR}/1_cleaned_seqs/MV_281_R.fastq.gz
MS_134,Orcinus orca,${OUTDIR}/1_cleaned_seqs/MS_134_F.fastq.gz,${OUTDIR}/1_cleaned_seqs/MS_134_R.fastq.gz
RM_088,Piliocolobus foai,${OUTDIR}/1_cleaned_seqs/RM_088_F.fastq.gz,${OUTDIR}/1_cleaned_seqs/RM_088_R.fastq.gz
RM_210,Papio anubis,${OUTDIR}/1_cleaned_seqs/RM_210_F.fastq.gz,${OUTDIR}/1_cleaned_seqs/RM_210_R.fastq.gz
MS_022,Meles meles,${OUTDIR}/1_cleaned_seqs/MS_022_F.fastq.gz,${OUTDIR}/1_cleaned_seqs/MS_022_R.fastq.gz
DM_026,Equus caballus,${OUTDIR}/1_cleaned_seqs/DM_026_F.fastq.gz,${OUTDIR}/1_cleaned_seqs/DM_026_R.fastq.gz
RM_073,Piliocolobus foai,${OUTDIR}/1_cleaned_seqs/RM_073_F.fastq.gz,${OUTDIR}/1_cleaned_seqs/RM_073_R.fastq.gz
MS_032,Ovis aries,${OUTDIR}/1_cleaned_seqs/MS_032_F.fastq.gz,${OUTDIR}/1_cleaned_seqs/MS_032_R.fastq.gz
DM_003,Sus scrofa,${OUTDIR}/1_cleaned_seqs/DM_003_F.fastq.gz,${OUTDIR}/1_cleaned_seqs/DM_003_R.fastq.gz
RM_041,Cephalophus silvicultor,${OUTDIR}/1_cleaned_seqs/RM_041_F.fastq.gz,${OUTDIR}/1_cleaned_seqs/RM_041_R.fastq.gz
RM_177,Papio anubis,${OUTDIR}/1_cleaned_seqs/RM_177_F.fastq.gz,${OUTDIR}/1_cleaned_seqs/RM_177_R.fastq.gz
RM_031,Cephalophus silvicultor,${OUTDIR}/1_cleaned_seqs/RM_031_F.fastq.gz,${OUTDIR}/1_cleaned_seqs/RM_031_R.fastq.gz
RM_053,Cephalophus silvicultor,${OUTDIR}/1_cleaned_seqs/RM_053_F.fastq.gz,${OUTDIR}/1_cleaned_seqs/RM_053_R.fastq.gz
MV_093,Meles meles,${OUTDIR}/1_cleaned_seqs/MV_093_F.fastq.gz,${OUTDIR}/1_cleaned_seqs/MV_093_R.fastq.gz
DM_029,Equus caballus,${OUTDIR}/1_cleaned_seqs/DM_029_F.fastq.gz,${OUTDIR}/1_cleaned_seqs/DM_029_R.fastq.gz
MV_008,Capreolus capreolus,${OUTDIR}/1_cleaned_seqs/MV_008_F.fastq.gz,${OUTDIR}/1_cleaned_seqs/MV_008_R.fastq.gz
RM_034,Cephalophus silvicultor,${OUTDIR}/1_cleaned_seqs/RM_034_F.fastq.gz,${OUTDIR}/1_cleaned_seqs/RM_034_R.fastq.gz
RM_195,Okapia johnstoni,${OUTDIR}/1_cleaned_seqs/RM_195_F.fastq.gz,${OUTDIR}/1_cleaned_seqs/RM_195_R.fastq.gz
MV_115,Rupicapra rupicapra,${OUTDIR}/1_cleaned_seqs/MV_115_F.fastq.gz,${OUTDIR}/1_cleaned_seqs/MV_115_R.fastq.gz
EB_2_2,Extraction blank,${OUTDIR}/1_cleaned_seqs/EB_2_2_F.fastq.gz,${OUTDIR}/1_cleaned_seqs/EB_2_2_R.fastq.gz
LB_1,Library blank,${OUTDIR}/1_cleaned_seqs/LB_1_F.fastq.gz,${OUTDIR}/1_cleaned_seqs/LB_1_R.fastq.gz
LB_2,Library blank,${OUTDIR}/1_cleaned_seqs/LB_2_F.fastq.gz,${OUTDIR}/1_cleaned_seqs/LB_2_R.fastq.gz
EB_14_2,Extraction blank,${OUTDIR}/1_cleaned_seqs/EB_14_2_F.fastq.gz,${OUTDIR}/1_cleaned_seqs/EB_14_2_R.fastq.gz
LB_19,Library blank,${OUTDIR}/1_cleaned_seqs/LB_19_F.fastq.gz,${OUTDIR}/1_cleaned_seqs/LB_19_R.fastq.gz
LB_9,Library blank,${OUTDIR}/1_cleaned_seqs/LB_9_F.fastq.gz,${OUTDIR}/1_cleaned_seqs/LB_9_R.fastq.gz
EB_12_1,Extraction blank,${OUTDIR}/1_cleaned_seqs/EB_12_1_F.fastq.gz,${OUTDIR}/1_cleaned_seqs/EB_12_1_R.fastq.gz
LB_8,Library blank,${OUTDIR}/1_cleaned_seqs/LB_8_F.fastq.gz,${OUTDIR}/1_cleaned_seqs/LB_8_R.fastq.gz
EB_11_1,Extraction blank,${OUTDIR}/1_cleaned_seqs/EB_11_1_F.fastq.gz,${OUTDIR}/1_cleaned_seqs/EB_11_1_R.fastq.gz
EB_10_2,Extraction blank,${OUTDIR}/1_cleaned_seqs/EB_10_2_F.fastq.gz,${OUTDIR}/1_cleaned_seqs/EB_10_2_R.fastq.gz
MV_233,Marmota marmota,${OUTDIR}/1_cleaned_seqs/MV_233_F.fastq.gz,${OUTDIR}/1_cleaned_seqs/MV_233_R.fastq.gz
MV_119,Rupicapra rupicapra,${OUTDIR}/1_cleaned_seqs/MV_119_F.fastq.gz,${OUTDIR}/1_cleaned_seqs/MV_119_R.fastq.gz
MV_231,Hippopotamus amphibius,${OUTDIR}/1_cleaned_seqs/MV_231_F.fastq.gz,${OUTDIR}/1_cleaned_seqs/MV_231_R.fastq.gz
RM_186,Papio anubis,${OUTDIR}/1_cleaned_seqs/RM_186_F.fastq.gz,${OUTDIR}/1_cleaned_seqs/RM_186_R.fastq.gz
MS_091,Ovis aries,${OUTDIR}/1_cleaned_seqs/MS_091_F.fastq.gz,${OUTDIR}/1_cleaned_seqs/MS_091_R.fastq.gz
MV_039,Capreolus capreolus,${OUTDIR}/1_cleaned_seqs/MV_039_F.fastq.gz,${OUTDIR}/1_cleaned_seqs/MV_039_R.fastq.gz
RM_102,Gorilla beringei,${OUTDIR}/1_cleaned_seqs/RM_102_F.fastq.gz,${OUTDIR}/1_cleaned_seqs/RM_102_R.fastq.gz
RM_126,Equus burchellii,${OUTDIR}/1_cleaned_seqs/RM_126_F.fastq.gz,${OUTDIR}/1_cleaned_seqs/RM_126_R.fastq.gz
RM_145,Giraffa camelopardalis,${OUTDIR}/1_cleaned_seqs/RM_145_F.fastq.gz,${OUTDIR}/1_cleaned_seqs/RM_145_R.fastq.gz
RM_201,Okapia johnstoni,${OUTDIR}/1_cleaned_seqs/RM_201_F.fastq.gz,${OUTDIR}/1_cleaned_seqs/RM_201_R.fastq.gz
RM_191,Papio anubis,${OUTDIR}/1_cleaned_seqs/RM_191_F.fastq.gz,${OUTDIR}/1_cleaned_seqs/RM_191_R.fastq.gz
RM_144,Giraffa camelopardalis,${OUTDIR}/1_cleaned_seqs/RM_144_F.fastq.gz,${OUTDIR}/1_cleaned_seqs/RM_144_R.fastq.gz
MV_201,Sus scrofa,${OUTDIR}/1_cleaned_seqs/MV_201_F.fastq.gz,${OUTDIR}/1_cleaned_seqs/MV_201_R.fastq.gz
MS_062,Dugong dugon,${OUTDIR}/1_cleaned_seqs/MS_062_F.fastq.gz,${OUTDIR}/1_cleaned_seqs/MS_062_R.fastq.gz
RM_045,Cephalophus silvicultor,${OUTDIR}/1_cleaned_seqs/RM_045_F.fastq.gz,${OUTDIR}/1_cleaned_seqs/RM_045_R.fastq.gz
RM_101,Gorilla beringei,${OUTDIR}/1_cleaned_seqs/RM_101_F.fastq.gz,${OUTDIR}/1_cleaned_seqs/RM_101_R.fastq.gz
RM_180,Papio anubis,${OUTDIR}/1_cleaned_seqs/RM_180_F.fastq.gz,${OUTDIR}/1_cleaned_seqs/RM_180_R.fastq.gz
MV_010,Capreolus capreolus,${OUTDIR}/1_cleaned_seqs/MV_010_F.fastq.gz,${OUTDIR}/1_cleaned_seqs/MV_010_R.fastq.gz
MV_203,Sus scrofa,${OUTDIR}/1_cleaned_seqs/MV_203_F.fastq.gz,${OUTDIR}/1_cleaned_seqs/MV_203_R.fastq.gz
RM_181,Ceratotherium simum,${OUTDIR}/1_cleaned_seqs/RM_181_F.fastq.gz,${OUTDIR}/1_cleaned_seqs/RM_181_R.fastq.gz
DM_008,Sus scrofa domesticus,${OUTDIR}/1_cleaned_seqs/DM_008_F.fastq.gz,${OUTDIR}/1_cleaned_seqs/DM_008_R.fastq.gz
MS_004,Ovis aries,${OUTDIR}/1_cleaned_seqs/MS_004_F.fastq.gz,${OUTDIR}/1_cleaned_seqs/MS_004_R.fastq.gz
HM_033,Hippopotamus amphibius,${OUTDIR}/1_cleaned_seqs/HM_033_F.fastq.gz,${OUTDIR}/1_cleaned_seqs/HM_033_R.fastq.gz
MV_097,Meles meles,${OUTDIR}/1_cleaned_seqs/MV_097_F.fastq.gz,${OUTDIR}/1_cleaned_seqs/MV_097_R.fastq.gz
MV_207,Sus scrofa,${OUTDIR}/1_cleaned_seqs/MV_207_F.fastq.gz,${OUTDIR}/1_cleaned_seqs/MV_207_R.fastq.gz
MV_206,Sus scrofa,${OUTDIR}/1_cleaned_seqs/MV_206_F.fastq.gz,${OUTDIR}/1_cleaned_seqs/MV_206_R.fastq.gz
MV_223,Muntiacus muntjak,${OUTDIR}/1_cleaned_seqs/MV_223_F.fastq.gz,${OUTDIR}/1_cleaned_seqs/MV_223_R.fastq.gz
MS_096,Ovis aries,${OUTDIR}/1_cleaned_seqs/MS_096_F.fastq.gz,${OUTDIR}/1_cleaned_seqs/MS_096_R.fastq.gz
RM_079,Piliocolobus foai,${OUTDIR}/1_cleaned_seqs/RM_079_F.fastq.gz,${OUTDIR}/1_cleaned_seqs/RM_079_R.fastq.gz
MV_133,Rupicapra rupicapra,${OUTDIR}/1_cleaned_seqs/MV_133_F.fastq.gz,${OUTDIR}/1_cleaned_seqs/MV_133_R.fastq.gz
HM_001,Muntiacus muntjak,${OUTDIR}/1_cleaned_seqs/HM_001_F.fastq.gz,${OUTDIR}/1_cleaned_seqs/HM_001_R.fastq.gz
RM_167,Ceratotherium simum,${OUTDIR}/1_cleaned_seqs/RM_167_F.fastq.gz,${OUTDIR}/1_cleaned_seqs/RM_167_R.fastq.gz
RM_209,Papio anubis,${OUTDIR}/1_cleaned_seqs/RM_209_F.fastq.gz,${OUTDIR}/1_cleaned_seqs/RM_209_R.fastq.gz
DM_021,Sus scrofa domesticus,${OUTDIR}/1_cleaned_seqs/DM_021_F.fastq.gz,${OUTDIR}/1_cleaned_seqs/DM_021_R.fastq.gz
MV_090,Meles meles,${OUTDIR}/1_cleaned_seqs/MV_090_F.fastq.gz,${OUTDIR}/1_cleaned_seqs/MV_090_R.fastq.gz
RM_175,Papio anubis,${OUTDIR}/1_cleaned_seqs/RM_175_F.fastq.gz,${OUTDIR}/1_cleaned_seqs/RM_175_R.fastq.gz
RM_142,Giraffa camelopardalis,${OUTDIR}/1_cleaned_seqs/RM_142_F.fastq.gz,${OUTDIR}/1_cleaned_seqs/RM_142_R.fastq.gz
DM_007,Sus scrofa,${OUTDIR}/1_cleaned_seqs/DM_007_F.fastq.gz,${OUTDIR}/1_cleaned_seqs/DM_007_R.fastq.gz
MV_284,Ovis ammon,${OUTDIR}/1_cleaned_seqs/MV_284_F.fastq.gz,${OUTDIR}/1_cleaned_seqs/MV_284_R.fastq.gz
MV_215,Sus scrofa,${OUTDIR}/1_cleaned_seqs/MV_215_F.fastq.gz,${OUTDIR}/1_cleaned_seqs/MV_215_R.fastq.gz
RM_200,Okapia johnstoni,${OUTDIR}/1_cleaned_seqs/RM_200_F.fastq.gz,${OUTDIR}/1_cleaned_seqs/RM_200_R.fastq.gz
MV_245,Marmota marmota,${OUTDIR}/1_cleaned_seqs/MV_245_F.fastq.gz,${OUTDIR}/1_cleaned_seqs/MV_245_R.fastq.gz
RM_093,Piliocolobus foai,${OUTDIR}/1_cleaned_seqs/RM_093_F.fastq.gz,${OUTDIR}/1_cleaned_seqs/RM_093_R.fastq.gz
RM_155,Syncerus caffer,${OUTDIR}/1_cleaned_seqs/RM_155_F.fastq.gz,${OUTDIR}/1_cleaned_seqs/RM_155_R.fastq.gz
MS_103,Ovis aries,${OUTDIR}/1_cleaned_seqs/MS_103_F.fastq.gz,${OUTDIR}/1_cleaned_seqs/MS_103_R.fastq.gz
MV_291,Ovis ammon,${OUTDIR}/1_cleaned_seqs/MV_291_F.fastq.gz,${OUTDIR}/1_cleaned_seqs/MV_291_R.fastq.gz
RM_140,Equus burchellii,${OUTDIR}/1_cleaned_seqs/RM_140_F.fastq.gz,${OUTDIR}/1_cleaned_seqs/RM_140_R.fastq.gz
MV_135,Rupicapra rupicapra,${OUTDIR}/1_cleaned_seqs/MV_135_F.fastq.gz,${OUTDIR}/1_cleaned_seqs/MV_135_R.fastq.gz
MV_045,Capreolus capreolus,${OUTDIR}/1_cleaned_seqs/MV_045_F.fastq.gz,${OUTDIR}/1_cleaned_seqs/MV_045_R.fastq.gz
MV_015,Capreolus capreolus,${OUTDIR}/1_cleaned_seqs/MV_015_F.fastq.gz,${OUTDIR}/1_cleaned_seqs/MV_015_R.fastq.gz
RM_138,Equus burchellii,${OUTDIR}/1_cleaned_seqs/RM_138_F.fastq.gz,${OUTDIR}/1_cleaned_seqs/RM_138_R.fastq.gz
RM_127,Equus burchellii,${OUTDIR}/1_cleaned_seqs/RM_127_F.fastq.gz,${OUTDIR}/1_cleaned_seqs/RM_127_R.fastq.gz
MV_074,Meles meles,${OUTDIR}/1_cleaned_seqs/MV_074_F.fastq.gz,${OUTDIR}/1_cleaned_seqs/MV_074_R.fastq.gz
MV_062,Meles meles,${OUTDIR}/1_cleaned_seqs/MV_062_F.fastq.gz,${OUTDIR}/1_cleaned_seqs/MV_062_R.fastq.gz
MS_121,Equus caballus,${OUTDIR}/1_cleaned_seqs/MS_121_F.fastq.gz,${OUTDIR}/1_cleaned_seqs/MS_121_R.fastq.gz
MV_052,Meles meles,${OUTDIR}/1_cleaned_seqs/MV_052_F.fastq.gz,${OUTDIR}/1_cleaned_seqs/MV_052_R.fastq.gz
DM_013,Sus scrofa domesticus,${OUTDIR}/1_cleaned_seqs/DM_013_F.fastq.gz,${OUTDIR}/1_cleaned_seqs/DM_013_R.fastq.gz
MV_059,Meles meles,${OUTDIR}/1_cleaned_seqs/MV_059_F.fastq.gz,${OUTDIR}/1_cleaned_seqs/MV_059_R.fastq.gz
RM_118,Equus burchellii,${OUTDIR}/1_cleaned_seqs/RM_118_F.fastq.gz,${OUTDIR}/1_cleaned_seqs/RM_118_R.fastq.gz
RM_085,Piliocolobus foai,${OUTDIR}/1_cleaned_seqs/RM_085_F.fastq.gz,${OUTDIR}/1_cleaned_seqs/RM_085_R.fastq.gz
RM_130,Equus burchellii,${OUTDIR}/1_cleaned_seqs/RM_130_F.fastq.gz,${OUTDIR}/1_cleaned_seqs/RM_130_R.fastq.gz
RM_205,Okapia johnstoni,${OUTDIR}/1_cleaned_seqs/RM_205_F.fastq.gz,${OUTDIR}/1_cleaned_seqs/RM_205_R.fastq.gz
MS_102,Ovis aries,${OUTDIR}/1_cleaned_seqs/MS_102_F.fastq.gz,${OUTDIR}/1_cleaned_seqs/MS_102_R.fastq.gz
RM_043,Cephalophus silvicultor,${OUTDIR}/1_cleaned_seqs/RM_043_F.fastq.gz,${OUTDIR}/1_cleaned_seqs/RM_043_R.fastq.gz
MS_005,Ovis aries,${OUTDIR}/1_cleaned_seqs/MS_005_F.fastq.gz,${OUTDIR}/1_cleaned_seqs/MS_005_R.fastq.gz
DM_015,Sus scrofa domesticus,${OUTDIR}/1_cleaned_seqs/DM_015_F.fastq.gz,${OUTDIR}/1_cleaned_seqs/DM_015_R.fastq.gz
MV_072p,Meles meles,${OUTDIR}/1_cleaned_seqs/MV_072p_F.fastq.gz,${OUTDIR}/1_cleaned_seqs/MV_072p_R.fastq.gz
RM_028,Cephalophus silvicultor,${OUTDIR}/1_cleaned_seqs/RM_028_F.fastq.gz,${OUTDIR}/1_cleaned_seqs/RM_028_R.fastq.gz
RM_128,Equus burchellii,${OUTDIR}/1_cleaned_seqs/RM_128_F.fastq.gz,${OUTDIR}/1_cleaned_seqs/RM_128_R.fastq.gz
RM_071,Piliocolobus foai,${OUTDIR}/1_cleaned_seqs/RM_071_F.fastq.gz,${OUTDIR}/1_cleaned_seqs/RM_071_R.fastq.gz
RM_066,Piliocolobus foai,${OUTDIR}/1_cleaned_seqs/RM_066_F.fastq.gz,${OUTDIR}/1_cleaned_seqs/RM_066_R.fastq.gz
MV_089,Meles meles,${OUTDIR}/1_cleaned_seqs/MV_089_F.fastq.gz,${OUTDIR}/1_cleaned_seqs/MV_089_R.fastq.gz
MV_118,Rupicapra rupicapra,${OUTDIR}/1_cleaned_seqs/MV_118_F.fastq.gz,${OUTDIR}/1_cleaned_seqs/MV_118_R.fastq.gz
RM_156,Syncerus caffer,${OUTDIR}/1_cleaned_seqs/RM_156_F.fastq.gz,${OUTDIR}/1_cleaned_seqs/RM_156_R.fastq.gz
HM_085,Otaria byronia,${OUTDIR}/1_cleaned_seqs/HM_085_F.fastq.gz,${OUTDIR}/1_cleaned_seqs/HM_085_R.fastq.gz
DM_010,Sus scrofa,${OUTDIR}/1_cleaned_seqs/DM_010_F.fastq.gz,${OUTDIR}/1_cleaned_seqs/DM_010_R.fastq.gz
RM_183,Papio anubis,${OUTDIR}/1_cleaned_seqs/RM_183_F.fastq.gz,${OUTDIR}/1_cleaned_seqs/RM_183_R.fastq.gz
MV_287,Ovis ammon,${OUTDIR}/1_cleaned_seqs/MV_287_F.fastq.gz,${OUTDIR}/1_cleaned_seqs/MV_287_R.fastq.gz
HM_090,Otaria byronia,${OUTDIR}/1_cleaned_seqs/HM_090_F.fastq.gz,${OUTDIR}/1_cleaned_seqs/HM_090_R.fastq.gz
MV_208,Sus scrofa,${OUTDIR}/1_cleaned_seqs/MV_208_F.fastq.gz,${OUTDIR}/1_cleaned_seqs/MV_208_R.fastq.gz
MS_107,Ovis aries,${OUTDIR}/1_cleaned_seqs/MS_107_F.fastq.gz,${OUTDIR}/1_cleaned_seqs/MS_107_R.fastq.gz
MV_216,Sus scrofa,${OUTDIR}/1_cleaned_seqs/MV_216_F.fastq.gz,${OUTDIR}/1_cleaned_seqs/MV_216_R.fastq.gz
MV_137,Rupicapra rupicapra,${OUTDIR}/1_cleaned_seqs/MV_137_F.fastq.gz,${OUTDIR}/1_cleaned_seqs/MV_137_R.fastq.gz
RM_187,Papio anubis,${OUTDIR}/1_cleaned_seqs/RM_187_F.fastq.gz,${OUTDIR}/1_cleaned_seqs/RM_187_R.fastq.gz
RM_063,Piliocolobus foai,${OUTDIR}/1_cleaned_seqs/RM_063_F.fastq.gz,${OUTDIR}/1_cleaned_seqs/RM_063_R.fastq.gz
MV_202,Sus scrofa,${OUTDIR}/1_cleaned_seqs/MV_202_F.fastq.gz,${OUTDIR}/1_cleaned_seqs/MV_202_R.fastq.gz
DM_020,Sus scrofa domesticus,${OUTDIR}/1_cleaned_seqs/DM_020_F.fastq.gz,${OUTDIR}/1_cleaned_seqs/DM_020_R.fastq.gz
MV_282,Diceros bicornis,${OUTDIR}/1_cleaned_seqs/MV_282_F.fastq.gz,${OUTDIR}/1_cleaned_seqs/MV_282_R.fastq.gz
RM_103,Gorilla beringei,${OUTDIR}/1_cleaned_seqs/RM_103_F.fastq.gz,${OUTDIR}/1_cleaned_seqs/RM_103_R.fastq.gz
RM_109,Gorilla beringei,${OUTDIR}/1_cleaned_seqs/RM_109_F.fastq.gz,${OUTDIR}/1_cleaned_seqs/RM_109_R.fastq.gz
MV_051,Meles meles,${OUTDIR}/1_cleaned_seqs/MV_051_F.fastq.gz,${OUTDIR}/1_cleaned_seqs/MV_051_R.fastq.gz
MV_099,Sus scrofa,${OUTDIR}/1_cleaned_seqs/MV_099_F.fastq.gz,${OUTDIR}/1_cleaned_seqs/MV_099_R.fastq.gz
RM_116,Equus burchellii,${OUTDIR}/1_cleaned_seqs/RM_116_F.fastq.gz,${OUTDIR}/1_cleaned_seqs/RM_116_R.fastq.gz
RM_039,Cephalophus silvicultor,${OUTDIR}/1_cleaned_seqs/RM_039_F.fastq.gz,${OUTDIR}/1_cleaned_seqs/RM_039_R.fastq.gz
RM_206,Okapia johnstoni,${OUTDIR}/1_cleaned_seqs/RM_206_F.fastq.gz,${OUTDIR}/1_cleaned_seqs/RM_206_R.fastq.gz
HM_006,Otaria byronia,${OUTDIR}/1_cleaned_seqs/HM_006_F.fastq.gz,${OUTDIR}/1_cleaned_seqs/HM_006_R.fastq.gz
RM_091,Piliocolobus foai,${OUTDIR}/1_cleaned_seqs/RM_091_F.fastq.gz,${OUTDIR}/1_cleaned_seqs/RM_091_R.fastq.gz
RM_178,Ceratotherium simum,${OUTDIR}/1_cleaned_seqs/RM_178_F.fastq.gz,${OUTDIR}/1_cleaned_seqs/RM_178_R.fastq.gz
RM_203,Okapia johnstoni,${OUTDIR}/1_cleaned_seqs/RM_203_F.fastq.gz,${OUTDIR}/1_cleaned_seqs/RM_203_R.fastq.gz
DM_006,Sus scrofa,${OUTDIR}/1_cleaned_seqs/DM_006_F.fastq.gz,${OUTDIR}/1_cleaned_seqs/DM_006_R.fastq.gz
MV_021,Capreolus capreolus,${OUTDIR}/1_cleaned_seqs/MV_021_F.fastq.gz,${OUTDIR}/1_cleaned_seqs/MV_021_R.fastq.gz
RM_188,Papio anubis,${OUTDIR}/1_cleaned_seqs/RM_188_F.fastq.gz,${OUTDIR}/1_cleaned_seqs/RM_188_R.fastq.gz
MS_106,Ovis aries,${OUTDIR}/1_cleaned_seqs/MS_106_F.fastq.gz,${OUTDIR}/1_cleaned_seqs/MS_106_R.fastq.gz
HM_012,Cuniculus paca,${OUTDIR}/1_cleaned_seqs/HM_012_F.fastq.gz,${OUTDIR}/1_cleaned_seqs/HM_012_R.fastq.gz
MV_103,Sus scrofa,${OUTDIR}/1_cleaned_seqs/MV_103_F.fastq.gz,${OUTDIR}/1_cleaned_seqs/MV_103_R.fastq.gz
MV_283,Ceratotherium simum,${OUTDIR}/1_cleaned_seqs/MV_283_F.fastq.gz,${OUTDIR}/1_cleaned_seqs/MV_283_R.fastq.gz
RM_149,Syncerus caffer,${OUTDIR}/1_cleaned_seqs/RM_149_F.fastq.gz,${OUTDIR}/1_cleaned_seqs/RM_149_R.fastq.gz
HM_086,Otaria byronia,${OUTDIR}/1_cleaned_seqs/HM_086_F.fastq.gz,${OUTDIR}/1_cleaned_seqs/HM_086_R.fastq.gz
MS_051,Ovis aries,${OUTDIR}/1_cleaned_seqs/MS_051_F.fastq.gz,${OUTDIR}/1_cleaned_seqs/MS_051_R.fastq.gz
HM_032,Hippopotamus amphibius,${OUTDIR}/1_cleaned_seqs/HM_032_F.fastq.gz,${OUTDIR}/1_cleaned_seqs/HM_032_R.fastq.gz
RM_189,Papio anubis,${OUTDIR}/1_cleaned_seqs/RM_189_F.fastq.gz,${OUTDIR}/1_cleaned_seqs/RM_189_R.fastq.gz
RM_114,Equus burchellii,${OUTDIR}/1_cleaned_seqs/RM_114_F.fastq.gz,${OUTDIR}/1_cleaned_seqs/RM_114_R.fastq.gz
MS_117,Ovis aries,${OUTDIR}/1_cleaned_seqs/MS_117_F.fastq.gz,${OUTDIR}/1_cleaned_seqs/MS_117_R.fastq.gz
MV_022,Capreolus capreolus,${OUTDIR}/1_cleaned_seqs/MV_022_F.fastq.gz,${OUTDIR}/1_cleaned_seqs/MV_022_R.fastq.gz
MS_009,Ovis aries,${OUTDIR}/1_cleaned_seqs/MS_009_F.fastq.gz,${OUTDIR}/1_cleaned_seqs/MS_009_R.fastq.gz
HM_082,Otaria byronia,${OUTDIR}/1_cleaned_seqs/HM_082_F.fastq.gz,${OUTDIR}/1_cleaned_seqs/HM_082_R.fastq.gz
MV_139,Rupicapra rupicapra,${OUTDIR}/1_cleaned_seqs/MV_139_F.fastq.gz,${OUTDIR}/1_cleaned_seqs/MV_139_R.fastq.gz
HM_036,Hippopotamus amphibius,${OUTDIR}/1_cleaned_seqs/HM_036_F.fastq.gz,${OUTDIR}/1_cleaned_seqs/HM_036_R.fastq.gz
LB_27,Library blank,${OUTDIR}/1_cleaned_seqs/LB_27_F.fastq.gz,${OUTDIR}/1_cleaned_seqs/LB_27_R.fastq.gz
EB_28,Extraction blank,${OUTDIR}/1_cleaned_seqs/EB_28_F.fastq.gz,${OUTDIR}/1_cleaned_seqs/EB_28_R.fastq.gz
LB_26,Library blank,${OUTDIR}/1_cleaned_seqs/LB_26_F.fastq.gz,${OUTDIR}/1_cleaned_seqs/LB_26_R.fastq.gz
LB_23,Library blank,${OUTDIR}/1_cleaned_seqs/LB_23_F.fastq.gz,${OUTDIR}/1_cleaned_seqs/LB_23_R.fastq.gz
EB_17_2,Extraction blank,${OUTDIR}/1_cleaned_seqs/EB_17_2_F.fastq.gz,${OUTDIR}/1_cleaned_seqs/EB_17_2_R.fastq.gz
LB_13,Library blank,${OUTDIR}/1_cleaned_seqs/LB_13_F.fastq.gz,${OUTDIR}/1_cleaned_seqs/LB_13_R.fastq.gz
LB_24,Library blank,${OUTDIR}/1_cleaned_seqs/LB_24_F.fastq.gz,${OUTDIR}/1_cleaned_seqs/LB_24_R.fastq.gz
EB_20,Extraction blank,${OUTDIR}/1_cleaned_seqs/EB_20_F.fastq.gz,${OUTDIR}/1_cleaned_seqs/EB_20_R.fastq.gz
EB_8_2,Extraction blank,${OUTDIR}/1_cleaned_seqs/EB_8_2_F.fastq.gz,${OUTDIR}/1_cleaned_seqs/EB_8_2_R.fastq.gz
EB_23,Extraction blank,${OUTDIR}/1_cleaned_seqs/EB_23_F.fastq.gz,${OUTDIR}/1_cleaned_seqs/EB_23_R.fastq.gz
MV_290,Ovis ammon,${OUTDIR}/1_cleaned_seqs/MV_290_F.fastq.gz,${OUTDIR}/1_cleaned_seqs/MV_290_R.fastq.gz
RM_146,Giraffa camelopardalis,${OUTDIR}/1_cleaned_seqs/RM_146_F.fastq.gz,${OUTDIR}/1_cleaned_seqs/RM_146_R.fastq.gz
MV_075,Meles meles,${OUTDIR}/1_cleaned_seqs/MV_075_F.fastq.gz,${OUTDIR}/1_cleaned_seqs/MV_075_R.fastq.gz
MV_111,Capreolus capreolus,${OUTDIR}/1_cleaned_seqs/MV_111_F.fastq.gz,${OUTDIR}/1_cleaned_seqs/MV_111_R.fastq.gz
HM_053,Macropus giganteus,${OUTDIR}/1_cleaned_seqs/HM_053_F.fastq.gz,${OUTDIR}/1_cleaned_seqs/HM_053_R.fastq.gz
MV_083,Meles meles,${OUTDIR}/1_cleaned_seqs/MV_083_F.fastq.gz,${OUTDIR}/1_cleaned_seqs/MV_083_R.fastq.gz
MV_230,Hippopotamus amphibius,${OUTDIR}/1_cleaned_seqs/MV_230_F.fastq.gz,${OUTDIR}/1_cleaned_seqs/MV_230_R.fastq.gz
MS_113,Ovis aries,${OUTDIR}/1_cleaned_seqs/MS_113_F.fastq.gz,${OUTDIR}/1_cleaned_seqs/MS_113_R.fastq.gz
HM_048,Macropus giganteus,${OUTDIR}/1_cleaned_seqs/HM_048_F.fastq.gz,${OUTDIR}/1_cleaned_seqs/HM_048_R.fastq.gz
MS_095,Ovis aries,${OUTDIR}/1_cleaned_seqs/MS_095_F.fastq.gz,${OUTDIR}/1_cleaned_seqs/MS_095_R.fastq.gz
RM_129,Equus burchellii,${OUTDIR}/1_cleaned_seqs/RM_129_F.fastq.gz,${OUTDIR}/1_cleaned_seqs/RM_129_R.fastq.gz
HM_083,Otaria byronia,${OUTDIR}/1_cleaned_seqs/HM_083_F.fastq.gz,${OUTDIR}/1_cleaned_seqs/HM_083_R.fastq.gz
HM_060,Cuniculus paca,${OUTDIR}/1_cleaned_seqs/HM_060_F.fastq.gz,${OUTDIR}/1_cleaned_seqs/HM_060_R.fastq.gz
MV_120,Rupicapra rupicapra,${OUTDIR}/1_cleaned_seqs/MV_120_F.fastq.gz,${OUTDIR}/1_cleaned_seqs/MV_120_R.fastq.gz
HM_061,Cuniculus paca,${OUTDIR}/1_cleaned_seqs/HM_061_F.fastq.gz,${OUTDIR}/1_cleaned_seqs/HM_061_R.fastq.gz
DM_C01,Environmental control,${OUTDIR}/1_cleaned_seqs/DM_C01_F.fastq.gz,${OUTDIR}/1_cleaned_seqs/DM_C01_R.fastq.gz
MS_105,Ovis aries,${OUTDIR}/1_cleaned_seqs/MS_105_F.fastq.gz,${OUTDIR}/1_cleaned_seqs/MS_105_R.fastq.gz
HM_057,Giraffa camelopardalis,${OUTDIR}/1_cleaned_seqs/HM_057_F.fastq.gz,${OUTDIR}/1_cleaned_seqs/HM_057_R.fastq.gz
MS_C03,Environmental control,${OUTDIR}/1_cleaned_seqs/MS_C03_F.fastq.gz,${OUTDIR}/1_cleaned_seqs/MS_C03_R.fastq.gz
HM_043,Ovis ammon,${OUTDIR}/1_cleaned_seqs/HM_043_F.fastq.gz,${OUTDIR}/1_cleaned_seqs/HM_043_R.fastq.gz
MV_204,Sus scrofa,${OUTDIR}/1_cleaned_seqs/MV_204_F.fastq.gz,${OUTDIR}/1_cleaned_seqs/MV_204_R.fastq.gz
HM_078,Otaria byronia,${OUTDIR}/1_cleaned_seqs/HM_078_F.fastq.gz,${OUTDIR}/1_cleaned_seqs/HM_078_R.fastq.gz
MV_055,Meles meles,${OUTDIR}/1_cleaned_seqs/MV_055_F.fastq.gz,${OUTDIR}/1_cleaned_seqs/MV_055_R.fastq.gz
RM_211,Giraffa camelopardalis,${OUTDIR}/1_cleaned_seqs/RM_211_F.fastq.gz,${OUTDIR}/1_cleaned_seqs/RM_211_R.fastq.gz
HM_070,Camelus dromedarius,${OUTDIR}/1_cleaned_seqs/HM_070_F.fastq.gz,${OUTDIR}/1_cleaned_seqs/HM_070_R.fastq.gz
MS_058,Ovis aries,${OUTDIR}/1_cleaned_seqs/MS_058_F.fastq.gz,${OUTDIR}/1_cleaned_seqs/MS_058_R.fastq.gz
MS_038,Dugong dugon,${OUTDIR}/1_cleaned_seqs/MS_038_F.fastq.gz,${OUTDIR}/1_cleaned_seqs/MS_038_R.fastq.gz
MV_096,Meles meles,${OUTDIR}/1_cleaned_seqs/MV_096_F.fastq.gz,${OUTDIR}/1_cleaned_seqs/MV_096_R.fastq.gz
MV_244,Marmota marmota,${OUTDIR}/1_cleaned_seqs/MV_244_F.fastq.gz,${OUTDIR}/1_cleaned_seqs/MV_244_R.fastq.gz
RM_055,Cephalophus silvicultor,${OUTDIR}/1_cleaned_seqs/RM_055_F.fastq.gz,${OUTDIR}/1_cleaned_seqs/RM_055_R.fastq.gz
HM_064,Cuniculus paca,${OUTDIR}/1_cleaned_seqs/HM_064_F.fastq.gz,${OUTDIR}/1_cleaned_seqs/HM_064_R.fastq.gz
HM_030,Loxodonta africana,${OUTDIR}/1_cleaned_seqs/HM_030_F.fastq.gz,${OUTDIR}/1_cleaned_seqs/HM_030_R.fastq.gz
MS_108,Ovis aries,${OUTDIR}/1_cleaned_seqs/MS_108_F.fastq.gz,${OUTDIR}/1_cleaned_seqs/MS_108_R.fastq.gz
MV_148,Giraffa camelopardalis,${OUTDIR}/1_cleaned_seqs/MV_148_F.fastq.gz,${OUTDIR}/1_cleaned_seqs/MV_148_R.fastq.gz
HM_091,Environmental control,${OUTDIR}/1_cleaned_seqs/HM_091_F.fastq.gz,${OUTDIR}/1_cleaned_seqs/HM_091_R.fastq.gz
HM_059,Muntiacus muntjak,${OUTDIR}/1_cleaned_seqs/HM_059_F.fastq.gz,${OUTDIR}/1_cleaned_seqs/HM_059_R.fastq.gz
HM_008,Tapirus indicus,${OUTDIR}/1_cleaned_seqs/HM_008_F.fastq.gz,${OUTDIR}/1_cleaned_seqs/HM_008_R.fastq.gz
RM_C03,Environmental control,${OUTDIR}/1_cleaned_seqs/RM_C03_F.fastq.gz,${OUTDIR}/1_cleaned_seqs/RM_C03_R.fastq.gz
HM_040,Hippopotamus amphibius,${OUTDIR}/1_cleaned_seqs/HM_040_F.fastq.gz,${OUTDIR}/1_cleaned_seqs/HM_040_R.fastq.gz
RM_202,Okapia johnstoni,${OUTDIR}/1_cleaned_seqs/RM_202_F.fastq.gz,${OUTDIR}/1_cleaned_seqs/RM_202_R.fastq.gz
MV_060,Meles meles,${OUTDIR}/1_cleaned_seqs/MV_060_F.fastq.gz,${OUTDIR}/1_cleaned_seqs/MV_060_R.fastq.gz
HM_075,Camelus dromedarius,${OUTDIR}/1_cleaned_seqs/HM_075_F.fastq.gz,${OUTDIR}/1_cleaned_seqs/HM_075_R.fastq.gz
HM_077,Otaria byronia,${OUTDIR}/1_cleaned_seqs/HM_077_F.fastq.gz,${OUTDIR}/1_cleaned_seqs/HM_077_R.fastq.gz
MV_102,Sus scrofa,${OUTDIR}/1_cleaned_seqs/MV_102_F.fastq.gz,${OUTDIR}/1_cleaned_seqs/MV_102_R.fastq.gz
MV_087,Meles meles,${OUTDIR}/1_cleaned_seqs/MV_087_F.fastq.gz,${OUTDIR}/1_cleaned_seqs/MV_087_R.fastq.gz
HM_002,Giraffa camelopardalis,${OUTDIR}/1_cleaned_seqs/HM_002_F.fastq.gz,${OUTDIR}/1_cleaned_seqs/HM_002_R.fastq.gz
RM_070,Piliocolobus foai,${OUTDIR}/1_cleaned_seqs/RM_070_F.fastq.gz,${OUTDIR}/1_cleaned_seqs/RM_070_R.fastq.gz
MV_027,Capreolus capreolus,${OUTDIR}/1_cleaned_seqs/MV_027_F.fastq.gz,${OUTDIR}/1_cleaned_seqs/MV_027_R.fastq.gz
HM_058,Muntiacus muntjak,${OUTDIR}/1_cleaned_seqs/HM_058_F.fastq.gz,${OUTDIR}/1_cleaned_seqs/HM_058_R.fastq.gz
MV_041,Capreolus capreolus,${OUTDIR}/1_cleaned_seqs/MV_041_F.fastq.gz,${OUTDIR}/1_cleaned_seqs/MV_041_R.fastq.gz
MV_124,Rupicapra rupicapra,${OUTDIR}/1_cleaned_seqs/MV_124_F.fastq.gz,${OUTDIR}/1_cleaned_seqs/MV_124_R.fastq.gz
RM_162,Ceratotherium simum,${OUTDIR}/1_cleaned_seqs/RM_162_F.fastq.gz,${OUTDIR}/1_cleaned_seqs/RM_162_R.fastq.gz
RM_193,Okapia johnstoni,${OUTDIR}/1_cleaned_seqs/RM_193_F.fastq.gz,${OUTDIR}/1_cleaned_seqs/RM_193_R.fastq.gz
RM_117,Equus burchellii,${OUTDIR}/1_cleaned_seqs/RM_117_F.fastq.gz,${OUTDIR}/1_cleaned_seqs/RM_117_R.fastq.gz
HM_037,Hippopotamus amphibius,${OUTDIR}/1_cleaned_seqs/HM_037_F.fastq.gz,${OUTDIR}/1_cleaned_seqs/HM_037_R.fastq.gz
RM_057,Cephalophus silvicultor,${OUTDIR}/1_cleaned_seqs/RM_057_F.fastq.gz,${OUTDIR}/1_cleaned_seqs/RM_057_R.fastq.gz
MV_126,Rupicapra rupicapra,${OUTDIR}/1_cleaned_seqs/MV_126_F.fastq.gz,${OUTDIR}/1_cleaned_seqs/MV_126_R.fastq.gz
HM_049,Macropus giganteus,${OUTDIR}/1_cleaned_seqs/HM_049_F.fastq.gz,${OUTDIR}/1_cleaned_seqs/HM_049_R.fastq.gz
HM_067,Cuniculus paca,${OUTDIR}/1_cleaned_seqs/HM_067_F.fastq.gz,${OUTDIR}/1_cleaned_seqs/HM_067_R.fastq.gz
HM_065,Cuniculus paca,${OUTDIR}/1_cleaned_seqs/HM_065_F.fastq.gz,${OUTDIR}/1_cleaned_seqs/HM_065_R.fastq.gz
HM_011,Macropus giganteus,${OUTDIR}/1_cleaned_seqs/HM_011_F.fastq.gz,${OUTDIR}/1_cleaned_seqs/HM_011_R.fastq.gz
MV_077,Meles meles,${OUTDIR}/1_cleaned_seqs/MV_077_F.fastq.gz,${OUTDIR}/1_cleaned_seqs/MV_077_R.fastq.gz
HM_084,Otaria byronia,${OUTDIR}/1_cleaned_seqs/HM_084_F.fastq.gz,${OUTDIR}/1_cleaned_seqs/HM_084_R.fastq.gz
RM_184,Papio anubis,${OUTDIR}/1_cleaned_seqs/RM_184_F.fastq.gz,${OUTDIR}/1_cleaned_seqs/RM_184_R.fastq.gz
HM_018,Loxodonta africana,${OUTDIR}/1_cleaned_seqs/HM_018_F.fastq.gz,${OUTDIR}/1_cleaned_seqs/HM_018_R.fastq.gz
MV_036,Capreolus capreolus,${OUTDIR}/1_cleaned_seqs/MV_036_F.fastq.gz,${OUTDIR}/1_cleaned_seqs/MV_036_R.fastq.gz
MS_060,Dugong dugon,${OUTDIR}/1_cleaned_seqs/MS_060_F.fastq.gz,${OUTDIR}/1_cleaned_seqs/MS_060_R.fastq.gz
MS_104,Ovis aries,${OUTDIR}/1_cleaned_seqs/MS_104_F.fastq.gz,${OUTDIR}/1_cleaned_seqs/MS_104_R.fastq.gz
RM_182,Papio anubis,${OUTDIR}/1_cleaned_seqs/RM_182_F.fastq.gz,${OUTDIR}/1_cleaned_seqs/RM_182_R.fastq.gz
HM_080,Otaria byronia,${OUTDIR}/1_cleaned_seqs/HM_080_F.fastq.gz,${OUTDIR}/1_cleaned_seqs/HM_080_R.fastq.gz
MS_109,Ovis aries,${OUTDIR}/1_cleaned_seqs/MS_109_F.fastq.gz,${OUTDIR}/1_cleaned_seqs/MS_109_R.fastq.gz
HM_088,Otaria byronia,${OUTDIR}/1_cleaned_seqs/HM_088_F.fastq.gz,${OUTDIR}/1_cleaned_seqs/HM_088_R.fastq.gz
MV_057,Meles meles,${OUTDIR}/1_cleaned_seqs/MV_057_F.fastq.gz,${OUTDIR}/1_cleaned_seqs/MV_057_R.fastq.gz
RM_137,Equus burchellii,${OUTDIR}/1_cleaned_seqs/RM_137_F.fastq.gz,${OUTDIR}/1_cleaned_seqs/RM_137_R.fastq.gz
HM_066,Cuniculus paca,${OUTDIR}/1_cleaned_seqs/HM_066_F.fastq.gz,${OUTDIR}/1_cleaned_seqs/HM_066_R.fastq.gz
RM_153,Syncerus caffer,${OUTDIR}/1_cleaned_seqs/RM_153_F.fastq.gz,${OUTDIR}/1_cleaned_seqs/RM_153_R.fastq.gz
DM_011,Sus scrofa,${OUTDIR}/1_cleaned_seqs/DM_011_F.fastq.gz,${OUTDIR}/1_cleaned_seqs/DM_011_R.fastq.gz
MV_237,Marmota marmota,${OUTDIR}/1_cleaned_seqs/MV_237_F.fastq.gz,${OUTDIR}/1_cleaned_seqs/MV_237_R.fastq.gz
RM_190,Papio anubis,${OUTDIR}/1_cleaned_seqs/RM_190_F.fastq.gz,${OUTDIR}/1_cleaned_seqs/RM_190_R.fastq.gz
HM_089,Otaria byronia,${OUTDIR}/1_cleaned_seqs/HM_089_F.fastq.gz,${OUTDIR}/1_cleaned_seqs/HM_089_R.fastq.gz
MS_039,Dugong dugon,${OUTDIR}/1_cleaned_seqs/MS_039_F.fastq.gz,${OUTDIR}/1_cleaned_seqs/MS_039_R.fastq.gz
HM_003,Cuniculus paca,${OUTDIR}/1_cleaned_seqs/HM_003_F.fastq.gz,${OUTDIR}/1_cleaned_seqs/HM_003_R.fastq.gz
HM_062,Cuniculus paca,${OUTDIR}/1_cleaned_seqs/HM_062_F.fastq.gz,${OUTDIR}/1_cleaned_seqs/HM_062_R.fastq.gz
MS_C02,Environmental control,${OUTDIR}/1_cleaned_seqs/MS_C02_F.fastq.gz,${OUTDIR}/1_cleaned_seqs/MS_C02_R.fastq.gz
RM_121,Equus burchellii,${OUTDIR}/1_cleaned_seqs/RM_121_F.fastq.gz,${OUTDIR}/1_cleaned_seqs/RM_121_R.fastq.gz
MS_118,Ovis aries,${OUTDIR}/1_cleaned_seqs/MS_118_F.fastq.gz,${OUTDIR}/1_cleaned_seqs/MS_118_R.fastq.gz
MV_234,Marmota marmota,${OUTDIR}/1_cleaned_seqs/MV_234_F.fastq.gz,${OUTDIR}/1_cleaned_seqs/MV_234_R.fastq.gz
MV_113,Rupicapra rupicapra,${OUTDIR}/1_cleaned_seqs/MV_113_F.fastq.gz,${OUTDIR}/1_cleaned_seqs/MV_113_R.fastq.gz
MV_109,Capreolus capreolus,${OUTDIR}/1_cleaned_seqs/MV_109_F.fastq.gz,${OUTDIR}/1_cleaned_seqs/MV_109_R.fastq.gz
MV_C02,Environmental control,${OUTDIR}/1_cleaned_seqs/MV_C02_F.fastq.gz,${OUTDIR}/1_cleaned_seqs/MV_C02_R.fastq.gz
RM_199,Okapia johnstoni,${OUTDIR}/1_cleaned_seqs/RM_199_F.fastq.gz,${OUTDIR}/1_cleaned_seqs/RM_199_R.fastq.gz
HM_081,Otaria byronia,${OUTDIR}/1_cleaned_seqs/HM_081_F.fastq.gz,${OUTDIR}/1_cleaned_seqs/HM_081_R.fastq.gz
MV_078,Meles meles,${OUTDIR}/1_cleaned_seqs/MV_078_F.fastq.gz,${OUTDIR}/1_cleaned_seqs/MV_078_R.fastq.gz
RM_060,Cephalophus silvicultor,${OUTDIR}/1_cleaned_seqs/RM_060_F.fastq.gz,${OUTDIR}/1_cleaned_seqs/RM_060_R.fastq.gz
RM_124,Equus burchellii,${OUTDIR}/1_cleaned_seqs/RM_124_F.fastq.gz,${OUTDIR}/1_cleaned_seqs/RM_124_R.fastq.gz
HM_063,Cuniculus paca,${OUTDIR}/1_cleaned_seqs/HM_063_F.fastq.gz,${OUTDIR}/1_cleaned_seqs/HM_063_R.fastq.gz
MV_058,Meles meles,${OUTDIR}/1_cleaned_seqs/MV_058_F.fastq.gz,${OUTDIR}/1_cleaned_seqs/MV_058_R.fastq.gz
MV_088,Meles meles,${OUTDIR}/1_cleaned_seqs/MV_088_F.fastq.gz,${OUTDIR}/1_cleaned_seqs/MV_088_R.fastq.gz
RM_192,Papio anubis,${OUTDIR}/1_cleaned_seqs/RM_192_F.fastq.gz,${OUTDIR}/1_cleaned_seqs/RM_192_R.fastq.gz
MV_247,Papio anubis,${OUTDIR}/1_cleaned_seqs/MV_247_F.fastq.gz,${OUTDIR}/1_cleaned_seqs/MV_247_R.fastq.gz
EB_7_1,Extraction blank,${OUTDIR}/1_cleaned_seqs/EB_7_1_F.fastq.gz,${OUTDIR}/1_cleaned_seqs/EB_7_1_R.fastq.gz
LB_5,Library blank,${OUTDIR}/1_cleaned_seqs/LB_5_F.fastq.gz,${OUTDIR}/1_cleaned_seqs/LB_5_R.fastq.gz
EB_26_2,Extraction blank,${OUTDIR}/1_cleaned_seqs/EB_26_2_F.fastq.gz,${OUTDIR}/1_cleaned_seqs/EB_26_2_R.fastq.gz
LB_21,Library blank,${OUTDIR}/1_cleaned_seqs/LB_21_F.fastq.gz,${OUTDIR}/1_cleaned_seqs/LB_21_R.fastq.gz
LB_14,Library blank,${OUTDIR}/1_cleaned_seqs/LB_14_F.fastq.gz,${OUTDIR}/1_cleaned_seqs/LB_14_R.fastq.gz
LB_3,Library blank,${OUTDIR}/1_cleaned_seqs/LB_3_F.fastq.gz,${OUTDIR}/1_cleaned_seqs/LB_3_R.fastq.gz
LB_4,Library blank,${OUTDIR}/1_cleaned_seqs/LB_4_F.fastq.gz,${OUTDIR}/1_cleaned_seqs/LB_4_R.fastq.gz
EB_5_2,Extraction blank,${OUTDIR}/1_cleaned_seqs/EB_5_2_F.fastq.gz,${OUTDIR}/1_cleaned_seqs/EB_5_2_R.fastq.gz
EB_9_2,Extraction blank,${OUTDIR}/1_cleaned_seqs/EB_9_2_F.fastq.gz,${OUTDIR}/1_cleaned_seqs/EB_9_2_R.fastq.gz
LB_16,Library blank,${OUTDIR}/1_cleaned_seqs/LB_16_F.fastq.gz,${OUTDIR}/1_cleaned_seqs/LB_16_R.fastq.gz
EB_6_2,Extraction blank,${OUTDIR}/1_cleaned_seqs/EB_6_2_F.fastq.gz,${OUTDIR}/1_cleaned_seqs/EB_6_2_R.fastq.gz
EB_16,Extraction blank,${OUTDIR}/1_cleaned_seqs/EB_16_F.fastq.gz,${OUTDIR}/1_cleaned_seqs/EB_16_R.fastq.gz
EB_18_2,Extraction blank,${OUTDIR}/1_cleaned_seqs/EB_18_2_F.fastq.gz,${OUTDIR}/1_cleaned_seqs/EB_18_2_R.fastq.gz
LB_7,Library blank,${OUTDIR}/1_cleaned_seqs/LB_7_F.fastq.gz,${OUTDIR}/1_cleaned_seqs/LB_7_R.fastq.gz
EB_22,Extraction blank,${OUTDIR}/1_cleaned_seqs/EB_22_F.fastq.gz,${OUTDIR}/1_cleaned_seqs/EB_22_R.fastq.gz
EB_29,Extraction blank,${OUTDIR}/1_cleaned_seqs/EB_29_F.fastq.gz,${OUTDIR}/1_cleaned_seqs/EB_29_R.fastq.gz
EB_24_2,Extraction blank,${OUTDIR}/1_cleaned_seqs/EB_24_2_F.fastq.gz,${OUTDIR}/1_cleaned_seqs/EB_24_2_R.fastq.gz
LB_6,Library blank,${OUTDIR}/1_cleaned_seqs/LB_6_F.fastq.gz,${OUTDIR}/1_cleaned_seqs/LB_6_R.fastq.gz
EB_13_2,Extraction blank,${OUTDIR}/1_cleaned_seqs/EB_13_2_F.fastq.gz,${OUTDIR}/1_cleaned_seqs/EB_13_2_R.fastq.gz
LB_11,Library blank,${OUTDIR}/1_cleaned_seqs/LB_11_F.fastq.gz,${OUTDIR}/1_cleaned_seqs/LB_11_R.fastq.gz
MV_243,Marmota marmota,${OUTDIR}/1_cleaned_seqs/MV_243_F.fastq.gz,${OUTDIR}/1_cleaned_seqs/MV_243_R.fastq.gz
MV_005,Capreolus capreolus,${OUTDIR}/1_cleaned_seqs/MV_005_F.fastq.gz,${OUTDIR}/1_cleaned_seqs/MV_005_R.fastq.gz
HM_009,Macropus giganteus,${OUTDIR}/1_cleaned_seqs/HM_009_F.fastq.gz,${OUTDIR}/1_cleaned_seqs/HM_009_R.fastq.gz
RM_056,Cephalophus silvicultor,${OUTDIR}/1_cleaned_seqs/RM_056_F.fastq.gz,${OUTDIR}/1_cleaned_seqs/RM_056_R.fastq.gz
MV_038,Capreolus capreolus,${OUTDIR}/1_cleaned_seqs/MV_038_F.fastq.gz,${OUTDIR}/1_cleaned_seqs/MV_038_R.fastq.gz
MV_288,Ovis ammon,${OUTDIR}/1_cleaned_seqs/MV_288_F.fastq.gz,${OUTDIR}/1_cleaned_seqs/MV_288_R.fastq.gz
MV_049,Capreolus capreolus,${OUTDIR}/1_cleaned_seqs/MV_049_F.fastq.gz,${OUTDIR}/1_cleaned_seqs/MV_049_R.fastq.gz
MV_029,Capreolus capreolus,${OUTDIR}/1_cleaned_seqs/MV_029_F.fastq.gz,${OUTDIR}/1_cleaned_seqs/MV_029_R.fastq.gz
MV_028,Capreolus capreolus,${OUTDIR}/1_cleaned_seqs/MV_028_F.fastq.gz,${OUTDIR}/1_cleaned_seqs/MV_028_R.fastq.gz
RB_005,Hippopotamus amphibius,${OUTDIR}/1_cleaned_seqs/RB_005_F.fastq.gz,${OUTDIR}/1_cleaned_seqs/RB_005_R.fastq.gz
MV_131,Rupicapra rupicapra,${OUTDIR}/1_cleaned_seqs/MV_131_F.fastq.gz,${OUTDIR}/1_cleaned_seqs/MV_131_R.fastq.gz
HM_027,Loxodonta africana,${OUTDIR}/1_cleaned_seqs/HM_027_F.fastq.gz,${OUTDIR}/1_cleaned_seqs/HM_027_R.fastq.gz
MV_046,Capreolus capreolus,${OUTDIR}/1_cleaned_seqs/MV_046_F.fastq.gz,${OUTDIR}/1_cleaned_seqs/MV_046_R.fastq.gz
HM_017,Loxodonta africana,${OUTDIR}/1_cleaned_seqs/HM_017_F.fastq.gz,${OUTDIR}/1_cleaned_seqs/HM_017_R.fastq.gz
MV_235,Marmota marmota,${OUTDIR}/1_cleaned_seqs/MV_235_F.fastq.gz,${OUTDIR}/1_cleaned_seqs/MV_235_R.fastq.gz
MV_240,Marmota marmota,${OUTDIR}/1_cleaned_seqs/MV_240_F.fastq.gz,${OUTDIR}/1_cleaned_seqs/MV_240_R.fastq.gz
MV_239,Marmota marmota,${OUTDIR}/1_cleaned_seqs/MV_239_F.fastq.gz,${OUTDIR}/1_cleaned_seqs/MV_239_R.fastq.gz
MS_010,Ovis aries,${OUTDIR}/1_cleaned_seqs/MS_010_F.fastq.gz,${OUTDIR}/1_cleaned_seqs/MS_010_R.fastq.gz
MV_122,Rupicapra rupicapra,${OUTDIR}/1_cleaned_seqs/MV_122_F.fastq.gz,${OUTDIR}/1_cleaned_seqs/MV_122_R.fastq.gz
RM_197,Okapia johnstoni,${OUTDIR}/1_cleaned_seqs/RM_197_F.fastq.gz,${OUTDIR}/1_cleaned_seqs/RM_197_R.fastq.gz
MV_020,Capreolus capreolus,${OUTDIR}/1_cleaned_seqs/MV_020_F.fastq.gz,${OUTDIR}/1_cleaned_seqs/MV_020_R.fastq.gz
RM_151,Syncerus caffer,${OUTDIR}/1_cleaned_seqs/RM_151_F.fastq.gz,${OUTDIR}/1_cleaned_seqs/RM_151_R.fastq.gz
HM_050,Macropus giganteus,${OUTDIR}/1_cleaned_seqs/HM_050_F.fastq.gz,${OUTDIR}/1_cleaned_seqs/HM_050_R.fastq.gz
HM_029,Loxodonta africana,${OUTDIR}/1_cleaned_seqs/HM_029_F.fastq.gz,${OUTDIR}/1_cleaned_seqs/HM_029_R.fastq.gz
MV_002,Capreolus capreolus,${OUTDIR}/1_cleaned_seqs/MV_002_F.fastq.gz,${OUTDIR}/1_cleaned_seqs/MV_002_R.fastq.gz
MV_107,Capreolus capreolus,${OUTDIR}/1_cleaned_seqs/MV_107_F.fastq.gz,${OUTDIR}/1_cleaned_seqs/MV_107_R.fastq.gz
MV_006,Capreolus capreolus,${OUTDIR}/1_cleaned_seqs/MV_006_F.fastq.gz,${OUTDIR}/1_cleaned_seqs/MV_006_R.fastq.gz
MS_114,Ovis aries,${OUTDIR}/1_cleaned_seqs/MS_114_F.fastq.gz,${OUTDIR}/1_cleaned_seqs/MS_114_R.fastq.gz
DM_017,Sus scrofa domesticus,${OUTDIR}/1_cleaned_seqs/DM_017_F.fastq.gz,${OUTDIR}/1_cleaned_seqs/DM_017_R.fastq.gz
maybe_DM_017,Sus scrofa domesticus,${OUTDIR}/1_cleaned_seqs/maybe_DM_017_F.fastq.gz,${OUTDIR}/1_cleaned_seqs/maybe_DM_017_R.fastq.gz
MV_017,Capreolus capreolus,${OUTDIR}/1_cleaned_seqs/MV_017_F.fastq.gz,${OUTDIR}/1_cleaned_seqs/MV_017_R.fastq.gz
MV_169,Pongo pygmaeus,${OUTDIR}/1_cleaned_seqs/MV_169_F.fastq.gz,${OUTDIR}/1_cleaned_seqs/MV_169_R.fastq.gz
RM_152,Syncerus caffer,${OUTDIR}/1_cleaned_seqs/RM_152_F.fastq.gz,${OUTDIR}/1_cleaned_seqs/RM_152_R.fastq.gz
MV_134,Rupicapra rupicapra,${OUTDIR}/1_cleaned_seqs/MV_134_F.fastq.gz,${OUTDIR}/1_cleaned_seqs/MV_134_R.fastq.gz
RM_089,Piliocolobus foai,${OUTDIR}/1_cleaned_seqs/RM_089_F.fastq.gz,${OUTDIR}/1_cleaned_seqs/RM_089_R.fastq.gz
EB_25_2,Extraction blank,${OUTDIR}/1_cleaned_seqs/EB_25_2_F.fastq.gz,${OUTDIR}/1_cleaned_seqs/EB_25_2_R.fastq.gz
RM_147,Syncerus caffer,${OUTDIR}/1_cleaned_seqs/RM_147_F.fastq.gz,${OUTDIR}/1_cleaned_seqs/RM_147_R.fastq.gz
HM_010,Macropus giganteus,${OUTDIR}/1_cleaned_seqs/HM_010_F.fastq.gz,${OUTDIR}/1_cleaned_seqs/HM_010_R.fastq.gz
MV_289,Ovis ammon,${OUTDIR}/1_cleaned_seqs/MV_289_F.fastq.gz,${OUTDIR}/1_cleaned_seqs/MV_289_R.fastq.gz
MV_007,Capreolus capreolus,${OUTDIR}/1_cleaned_seqs/MV_007_F.fastq.gz,${OUTDIR}/1_cleaned_seqs/MV_007_R.fastq.gz
MS_101,Ovis aries,${OUTDIR}/1_cleaned_seqs/MS_101_F.fastq.gz,${OUTDIR}/1_cleaned_seqs/MS_101_R.fastq.gz
MS_092,Ovis aries,${OUTDIR}/1_cleaned_seqs/MS_092_F.fastq.gz,${OUTDIR}/1_cleaned_seqs/MS_092_R.fastq.gz
RM_030,Cephalophus silvicultor,${OUTDIR}/1_cleaned_seqs/RM_030_F.fastq.gz,${OUTDIR}/1_cleaned_seqs/RM_030_R.fastq.gz
HM_023,Loxodonta africana,${OUTDIR}/1_cleaned_seqs/HM_023_F.fastq.gz,${OUTDIR}/1_cleaned_seqs/HM_023_R.fastq.gz
HM_028,Loxodonta africana,${OUTDIR}/1_cleaned_seqs/HM_028_F.fastq.gz,${OUTDIR}/1_cleaned_seqs/HM_028_R.fastq.gz
MV_227,Camelus dromedarius,${OUTDIR}/1_cleaned_seqs/MV_227_F.fastq.gz,${OUTDIR}/1_cleaned_seqs/MV_227_R.fastq.gz
MV_236,Marmota marmota,${OUTDIR}/1_cleaned_seqs/MV_236_F.fastq.gz,${OUTDIR}/1_cleaned_seqs/MV_236_R.fastq.gz
HM_055,Environmental control,${OUTDIR}/1_cleaned_seqs/HM_055_F.fastq.gz,${OUTDIR}/1_cleaned_seqs/HM_055_R.fastq.gz
RB_C01,Environmental control,${OUTDIR}/1_cleaned_seqs/RB_C01_F.fastq.gz,${OUTDIR}/1_cleaned_seqs/RB_C01_R.fastq.gz
HM_014,Cuniculus paca,${OUTDIR}/1_cleaned_seqs/HM_014_F.fastq.gz,${OUTDIR}/1_cleaned_seqs/HM_014_R.fastq.gz
HM_020,Loxodonta africana,${OUTDIR}/1_cleaned_seqs/HM_020_F.fastq.gz,${OUTDIR}/1_cleaned_seqs/HM_020_R.fastq.gz
MV_019,Capreolus capreolus,${OUTDIR}/1_cleaned_seqs/MV_019_F.fastq.gz,${OUTDIR}/1_cleaned_seqs/MV_019_R.fastq.gz
MV_081,Meles meles,${OUTDIR}/1_cleaned_seqs/MV_081_F.fastq.gz,${OUTDIR}/1_cleaned_seqs/MV_081_R.fastq.gz
RM_120,Equus burchellii,${OUTDIR}/1_cleaned_seqs/RM_120_F.fastq.gz,${OUTDIR}/1_cleaned_seqs/RM_120_R.fastq.gz
HM_022,Loxodonta africana,${OUTDIR}/1_cleaned_seqs/HM_022_F.fastq.gz,${OUTDIR}/1_cleaned_seqs/HM_022_R.fastq.gz
RM_135,Equus burchellii,${OUTDIR}/1_cleaned_seqs/RM_135_F.fastq.gz,${OUTDIR}/1_cleaned_seqs/RM_135_R.fastq.gz
RM_029,Cephalophus silvicultor,${OUTDIR}/1_cleaned_seqs/RM_029_F.fastq.gz,${OUTDIR}/1_cleaned_seqs/RM_029_R.fastq.gz
HM_038,Environmental control,${OUTDIR}/1_cleaned_seqs/HM_038_F.fastq.gz,${OUTDIR}/1_cleaned_seqs/HM_038_R.fastq.gz
RM_169,Ceratotherium simum,${OUTDIR}/1_cleaned_seqs/RM_169_F.fastq.gz,${OUTDIR}/1_cleaned_seqs/RM_169_R.fastq.gz
HM_076,Camelus dromedarius,${OUTDIR}/1_cleaned_seqs/HM_076_F.fastq.gz,${OUTDIR}/1_cleaned_seqs/HM_076_R.fastq.gz
HM_021,Loxodonta africana,${OUTDIR}/1_cleaned_seqs/HM_021_F.fastq.gz,${OUTDIR}/1_cleaned_seqs/HM_021_R.fastq.gz
HM_024,Loxodonta africana,${OUTDIR}/1_cleaned_seqs/HM_024_F.fastq.gz,${OUTDIR}/1_cleaned_seqs/HM_024_R.fastq.gz
MS_057,Ovis aries,${OUTDIR}/1_cleaned_seqs/MS_057_F.fastq.gz,${OUTDIR}/1_cleaned_seqs/MS_057_R.fastq.gz
MV_018,Capreolus capreolus,${OUTDIR}/1_cleaned_seqs/MV_018_F.fastq.gz,${OUTDIR}/1_cleaned_seqs/MV_018_R.fastq.gz
HM_071,Camelus dromedarius,${OUTDIR}/1_cleaned_seqs/HM_071_F.fastq.gz,${OUTDIR}/1_cleaned_seqs/HM_071_R.fastq.gz
RM_213,Ceratotherium simum,${OUTDIR}/1_cleaned_seqs/RM_213_F.fastq.gz,${OUTDIR}/1_cleaned_seqs/RM_213_R.fastq.gz
HM_026,Loxodonta africana,${OUTDIR}/1_cleaned_seqs/HM_026_F.fastq.gz,${OUTDIR}/1_cleaned_seqs/HM_026_R.fastq.gz
HM_074,Camelus dromedarius,${OUTDIR}/1_cleaned_seqs/HM_074_F.fastq.gz,${OUTDIR}/1_cleaned_seqs/HM_074_R.fastq.gz
MV_225,Muntiacus muntjak,${OUTDIR}/1_cleaned_seqs/MV_225_F.fastq.gz,${OUTDIR}/1_cleaned_seqs/MV_225_R.fastq.gz
HM_054,Macropus giganteus,${OUTDIR}/1_cleaned_seqs/HM_054_F.fastq.gz,${OUTDIR}/1_cleaned_seqs/HM_054_R.fastq.gz
MV_136,Rupicapra rupicapra,${OUTDIR}/1_cleaned_seqs/MV_136_F.fastq.gz,${OUTDIR}/1_cleaned_seqs/MV_136_R.fastq.gz
MS_099,Ovis aries,${OUTDIR}/1_cleaned_seqs/MS_099_F.fastq.gz,${OUTDIR}/1_cleaned_seqs/MS_099_R.fastq.gz
RM_164,Ceratotherium simum,${OUTDIR}/1_cleaned_seqs/RM_164_F.fastq.gz,${OUTDIR}/1_cleaned_seqs/RM_164_R.fastq.gz
MV_025,Capreolus capreolus,${OUTDIR}/1_cleaned_seqs/MV_025_F.fastq.gz,${OUTDIR}/1_cleaned_seqs/MV_025_R.fastq.gz
MV_C03,Environmental control,${OUTDIR}/1_cleaned_seqs/MV_C03_F.fastq.gz,${OUTDIR}/1_cleaned_seqs/MV_C03_R.fastq.gz
HM_004,Otaria byronia,${OUTDIR}/1_cleaned_seqs/HM_004_F.fastq.gz,${OUTDIR}/1_cleaned_seqs/HM_004_R.fastq.gz
